{
  "spell": {
    "targetType": "UNIT",
    "targetArea": "SELECTED_X_Y_GRID",
    "targetUnit": "ENEMY_UNIT",
    "targetUnitType": "ALL",
    "numberOfRandomTargets": 100,
    "gridX": -1,
    "gridY": 1,
    "buffs": [
      {
        "duration": 1000000,
        "holy": 0,
        "poison": 0,
        "effectHp": -6,
        "effectAp": 0,
        "stun": false,
        "disarm": false,
        "dispellable": false
      }
    ],
    "canDispel": false,
    "disarmable": true,
    "poisonImmune": false,
    "spellImmune": false,
    "isBully": false,
    "multiplied": false,
    "ignoreHoly": false
  },
  "manaCost": 4,
  "price": 1500,
  "collectionItemID": "1016",
  "name": "allAttack",
  "description": "Hits all enemy units in a column with 6 AP"
}