{
  "spell": {
    "targetType": "UNIT",
    "targetArea": "SELECTED_CELL",
    "targetUnit": "ENEMY_UNIT",
    "targetUnitType": "ALL",
    "numberOfRandomTargets": 100,
    "gridX": 1,
    "gridY": 1,
    "buffs": [
      {
        "duration": 1000000,
        "holy": 0,
        "poison": 0,
        "effectHp": -4,
        "effectAp": 0,
        "stun": false,
        "disarm": false,
        "dispellable": false
      }
    ],
    "canDispel": false,
    "disarmable": true,
    "poisonImmune": false,
    "spellImmune": false,
    "isBully": false,
    "multiplied": false,
    "ignoreHoly": false
  },
  "manaCost": 1,
  "price": 400,
  "collectionItemID": "1004",
  "name": "fireball",
  "description": "Hits an enemy with 4 APs"
}