{
  "spell": {
    "targetType": "UNIT",
    "targetArea": "ALL_OF_THE_MAP",
    "targetUnit": "FRIENDLY_MINION",
    "targetUnitType": "ALL",
    "numberOfRandomTargets": 100,
    "gridX": 1,
    "gridY": 1,
    "buffs": [
      {
        "duration": 1000000,
        "holy": 0,
        "poison": 0,
        "effectHp": 0,
        "effectAp": 4,
        "stun": false,
        "disarm": false,
        "dispellable": false
      }
    ],
    "canDispel": false,
    "disarmable": true,
    "poisonImmune": false,
    "spellImmune": false,
    "isBully": false,
    "multiplied": false,
    "ignoreHoly": false
  },
  "manaCost": 2,
  "price": 450,
  "collectionItemID": "1005",
  "name": "godStrength",
  "description": "Adds 4 APs to your hero"
}