{
  "spell": {
    "targetType": "UNIT",
    "targetArea": "ADJACENT_8",
    "targetUnit": "ENEMY_MINION",
    "targetUnitType": "ALL",
    "numberOfRandomTargets": 1,
    "gridX": 1,
    "gridY": 1,
    "buffs": [
      {
        "duration": 1,
        "holy": 0,
        "poison": 0,
        "effectHp": -1000000,
        "effectAp": 0,
        "stun": false,
        "disarm": false,
        "dispellable": false
      }
    ],
    "canDispel": false,
    "disarmable": true,
    "poisonImmune": false,
    "spellImmune": false,
    "isBully": false,
    "multiplied": false,
    "ignoreHoly": false
  },
  "manaCost": 9,
  "price": 1750,
  "collectionItemID": "1019",
  "name": "kingsGuard",
  "description": "Kills a random enemy minion in the hero's vicinity"
}