{
  "spell": {
    "targetType": "UNIT",
    "targetArea": "ALL_OF_THE_MAP",
    "targetUnit": "ENEMY_HERO",
    "targetUnitType": "ALL",
    "numberOfRandomTargets": 100,
    "gridX": 1,
    "gridY": 1,
    "buffs": [
      {
        "duration": 1000000,
        "holy": 0,
        "poison": 0,
        "effectHp": -8,
        "effectAp": 0,
        "stun": false,
        "disarm": false,
        "dispellable": false
      }
    ],
    "canDispel": false,
    "disarmable": true,
    "poisonImmune": false,
    "spellImmune": false,
    "isBully": false,
    "multiplied": false,
    "ignoreHoly": false
  },
  "manaCost": 2,
  "price": 1250,
  "collectionItemID": "1007",
  "name": "lightningBolt",
  "description": "Hits the enemy hero with 8 APs"
}