{
  "spell": {
    "targetType": "UNIT",
    "targetArea": "SELECTED_CELL",
    "targetUnit": "ENEMY_UNIT",
    "targetUnitType": "ALL",
    "numberOfRandomTargets": 100,
    "gridX": 1,
    "gridY": 1,
    "buffs": [
      {
        "duration": 2,
        "holy": 0,
        "poison": 0,
        "effectHp": 0,
        "effectAp": 0,
        "stun": true,
        "disarm": false,
        "dispellable": true
      }
    ],
    "canDispel": false,
    "disarmable": true,
    "poisonImmune": false,
    "spellImmune": false,
    "isBully": false,
    "multiplied": false,
    "ignoreHoly": false
  },
  "manaCost": 1,
  "price": 1200,
  "collectionItemID": "1020",
  "name": "shock",
  "description": "Stuns an enemy for 2 turns"
}