{
  "spell": {
    "targetType": "UNIT",
    "targetArea": "SELECTED_X_Y_GRID",
    "targetUnit": "ENEMY_UNIT",
    "targetUnitType": "ALL",
    "numberOfRandomTargets": 100,
    "gridX": 1,
    "gridY": 1,
    "buffs": [
      {
        "duration": 1000000,
        "holy": 0,
        "poison": 0,
        "effectHp": 0,
        "effectAp": 0,
        "stun": false,
        "disarm": true,
        "dispellable": true
      }
    ],
    "canDispel": false,
    "disarmable": true,
    "poisonImmune": false,
    "spellImmune": false,
    "isBully": false,
    "multiplied": false,
    "ignoreHoly": false
  },
  "manaCost": 0,
  "price": 1000,
  "collectionItemID": "1001",
  "name": "totalDisarm",
  "description": "disarms till the end"
}