{
  "unitType": "MELEE",
  "hitPoint": 14,
  "attackPoint": 8,
  "specialPowerTypes": [
    "ON_DEFEND"
  ],
  "specialPowers": [
    {
      "targetType": "CELL",
      "targetArea": "SELECTED_CELL",
      "numberOfRandomTargets": 100,
      "gridX": 1,
      "gridY": 1,
      "canDispel": false,
      "disarmable": true,
      "poisonImmune": false,
      "spellImmune": false,
      "isBully": true,
      "multiplied": false,
      "ignoreHoly": false
    }
  ],
  "canFly": false,
  "attackRange": 0,
  "buffs": [],
  "flags": 0,
  "canMove": false,
  "canAttack": false,
  "isDead": false,
  "x": 0,
  "y": 0,
  "attackTimes": 0,
  "defenceTimes": 0,
  "hasAttacked": [],
  "manaCost": 7,
  "price": 400,
  "collectionItemID": "2032",
  "name": "ashkBoos",
  "description": "is a bully"
}