{
  "unitType": "MELEE",
  "hitPoint": 1,
  "attackPoint": 1,
  "specialPowerTypes": [
    "PASSIVE"
  ],
  "specialPowers": [
    {
      "targetType": "UNIT",
      "targetArea": "ALL_OF_THE_MAP",
      "targetUnit": "SELF",
      "targetUnitType": "ALL",
      "numberOfRandomTargets": 100,
      "gridX": 1,
      "gridY": 1,
      "buffs": [
        {
          "duration": 1,
          "holy": 12,
          "poison": 0,
          "effectHp": 0,
          "effectAp": 0,
          "stun": false,
          "disarm": false,
          "dispellable": true
        }
      ],
      "canDispel": false,
      "disarmable": true,
      "poisonImmune": false,
      "spellImmune": false,
      "isBully": false,
      "multiplied": false,
      "ignoreHoly": false
    }
  ],
  "canFly": false,
  "attackRange": 0,
  "buffs": [],
  "flags": 0,
  "canMove": false,
  "canAttack": false,
  "isDead": false,
  "x": 0,
  "y": 0,
  "attackTimes": 0,
  "defenceTimes": 0,
  "hasAttacked": [],
  "manaCost": 3,
  "price": 650,
  "collectionItemID": "2037",
  "name": "fooladZereh",
  "description": "12 holy buffs PASSIVE"
}