{
  "unitType": "RANGED",
  "hitPoint": 14,
  "attackPoint": 7,
  "specialPowerTypes": [
    "ON_SPAWN"
  ],
  "specialPowers": [
    {
      "targetType": "UNIT",
      "targetArea": "DISTANCE_2",
      "targetUnit": "ENEMY_MINION",
      "targetUnitType": "ALL",
      "numberOfRandomTargets": 100,
      "gridX": 1,
      "gridY": 1,
      "buffs": [
        {
          "duration": 1000000,
          "holy": -1,
          "poison": 0,
          "effectHp": 0,
          "effectAp": 0,
          "stun": false,
          "disarm": false,
          "dispellable": false
        }
      ],
      "canDispel": false,
      "disarmable": true,
      "poisonImmune": false,
      "spellImmune": false,
      "isBully": false,
      "multiplied": false,
      "ignoreHoly": false
    }
  ],
  "canFly": false,
  "attackRange": 5,
  "buffs": [],
  "flags": 0,
  "canMove": false,
  "canAttack": false,
  "isDead": false,
  "x": 0,
  "y": 0,
  "attackTimes": 0,
  "defenceTimes": 0,
  "hasAttacked": [],
  "manaCost": 8,
  "price": 500,
  "collectionItemID": "2021",
  "name": "giganticSerpent",
  "description": "Minions within distance 2, get 2 unholy buffs on spawn"
}