{
  "unitType": "RANGED",
  "hitPoint": 10,
  "attackPoint": 4,
  "specialPowerTypes": [
    "PASSIVE"
  ],
  "specialPowers": [
    {
      "targetType": "UNIT",
      "targetArea": "ALL_OF_THE_MAP",
      "targetUnit": "FRIENDLY_MINION",
      "targetUnitType": "ALL",
      "numberOfRandomTargets": 100,
      "gridX": 1,
      "gridY": 1,
      "buffs": [
        {
          "duration": 1000000,
          "holy": 0,
          "poison": 0,
          "effectHp": 0,
          "effectAp": 1,
          "stun": false,
          "disarm": false,
          "dispellable": true
        }
      ],
      "canDispel": false,
      "disarmable": true,
      "poisonImmune": false,
      "spellImmune": false,
      "isBully": false,
      "multiplied": false,
      "ignoreHoly": false
    }
  ],
  "canFly": false,
  "attackRange": 4,
  "buffs": [],
  "flags": 0,
  "canMove": false,
  "canAttack": false,
  "isDead": false,
  "x": 0,
  "y": 0,
  "attackTimes": 0,
  "defenceTimes": 0,
  "hasAttacked": [],
  "manaCost": 5,
  "price": 500,
  "collectionItemID": "2027",
  "name": "jen",
  "description": "gives power buff 1 to all friendly minions (passive)"
}