{
  "unitType": "RANGED",
  "hitPoint": 3,
  "attackPoint": 4,
  "specialPowerTypes": [
    "ON_SPAWN"
  ],
  "specialPowers": [
    {
      "targetType": "UNIT",
      "targetArea": "ADJACENT_8",
      "targetUnit": "ENEMY_MINION",
      "targetUnitType": "ALL",
      "numberOfRandomTargets": 100,
      "gridX": 1,
      "gridY": 1,
      "buffs": [
        {
          "duration": 1000000,
          "holy": 0,
          "poison": 0,
          "effectHp": 0,
          "effectAp": 0,
          "stun": true,
          "disarm": false,
          "dispellable": true
        }
      ],
      "canDispel": false,
      "disarmable": true,
      "poisonImmune": false,
      "spellImmune": false,
      "isBully": false,
      "multiplied": false,
      "ignoreHoly": false
    }
  ],
  "canFly": false,
  "attackRange": 5,
  "buffs": [],
  "flags": 0,
  "canMove": false,
  "canAttack": false,
  "isDead": false,
  "x": 0,
  "y": 0,
  "attackTimes": 0,
  "defenceTimes": 0,
  "hasAttacked": [],
  "manaCost": 3,
  "price": 500,
  "collectionItemID": "2036",
  "name": "naneSarma",
  "description": "stuns enemy minions in 8 adjacent cells"
}