{
  "unitType": "HYBRID",
  "hitPoint": 12,
  "attackPoint": 11,
  "specialPowerTypes": [
    "ON_DEFEND"
  ],
  "specialPowers": [
    {
      "targetType": "UNIT",
      "targetArea": "ADJACENT_8",
      "targetUnit": "ENEMY_MINION",
      "targetUnitType": "ALL",
      "numberOfRandomTargets": 100,
      "gridX": 1,
      "gridY": 1,
      "buffs": [
        {
          "duration": 1000000,
          "holy": 0,
          "poison": 0,
          "effectHp": -2,
          "effectAp": 0,
          "stun": false,
          "disarm": false,
          "dispellable": false
        }
      ],
      "canDispel": false,
      "disarmable": true,
      "poisonImmune": false,
      "spellImmune": false,
      "isBully": false,
      "multiplied": false,
      "ignoreHoly": false
    }
  ],
  "canFly": false,
  "attackRange": 3,
  "buffs": [],
  "flags": 0,
  "canMove": false,
  "canAttack": false,
  "isDead": false,
  "x": 0,
  "y": 0,
  "attackTimes": 0,
  "defenceTimes": 0,
  "hasAttacked": [],
  "manaCost": 7,
  "price": 500,
  "collectionItemID": "2017",
  "name": "oneeyedGhoul",
  "description": "Hits adjacent minions with 2 APs when dying"
}