{
  "unitType": "MELEE",
  "hitPoint": 6,
  "attackPoint": 2,
  "specialPowerTypes": [
    "ON_ATTACK"
  ],
  "specialPowers": [
    {
      "targetType": "UNIT",
      "targetArea": "ALL_OF_THE_MAP",
      "targetUnit": "ENEMY_MINION",
      "targetUnitType": "ALL",
      "numberOfRandomTargets": 100,
      "gridX": 1,
      "gridY": 1,
      "buffs": [
        {
          "duration": 1000000,
          "holy": 0,
          "poison": 0,
          "effectHp": -8,
          "effectAp": 0,
          "stun": false,
          "disarm": false,
          "dispellable": false
        }
      ],
      "canDispel": false,
      "disarmable": true,
      "poisonImmune": false,
      "spellImmune": false,
      "isBully": false,
      "multiplied": false,
      "ignoreHoly": false
    }
  ],
  "canFly": false,
  "attackRange": 2,
  "buffs": [],
  "flags": 0,
  "canMove": false,
  "canAttack": false,
  "isDead": false,
  "x": 0,
  "y": 0,
  "attackTimes": 0,
  "defenceTimes": 0,
  "hasAttacked": [],
  "manaCost": 4,
  "price": 400,
  "collectionItemID": "2023",
  "name": "palang",
  "description": "when attacking a minion, the minion loses 8 health points in next turn"
}