{
  "unitType": "MELEE",
  "hitPoint": 24,
  "attackPoint": 6,
  "specialPowerTypes": [
    "ON_ATTACK"
  ],
  "specialPowers": [
    {
      "targetType": "UNIT",
      "targetArea": "SELECTED_CELL",
      "targetUnit": "ENEMY_UNIT",
      "targetUnitType": "ALL",
      "numberOfRandomTargets": 100,
      "gridX": 1,
      "gridY": 1,
      "buffs": [
        {
          "duration": 1000000,
          "holy": 0,
          "poison": 0,
          "effectHp": -5,
          "effectAp": 0,
          "stun": false,
          "disarm": false,
          "dispellable": false
        }
      ],
      "canDispel": false,
      "disarmable": true,
      "poisonImmune": false,
      "spellImmune": false,
      "isBully": false,
      "multiplied": true,
      "ignoreHoly": false
    }
  ],
  "canFly": false,
  "attackRange": 0,
  "buffs": [],
  "flags": 0,
  "canMove": false,
  "canAttack": false,
  "isDead": false,
  "x": 0,
  "y": 0,
  "attackTimes": 0,
  "defenceTimes": 0,
  "hasAttacked": [],
  "manaCost": 9,
  "price": 600,
  "collectionItemID": "2005",
  "name": "persianChampion",
  "description": "AP increased by 5 per times hit the target before"
}