{
  "spell": {
    "targetType": "UNIT",
    "targetArea": "ALL_OF_THE_MAP",
    "targetUnit": "FRIENDLY_UNIT",
    "targetUnitType": "ALL",
    "numberOfRandomTargets": 1,
    "gridX": 1,
    "gridY": 1,
    "buffs": [
      {
        "duration": 2,
        "holy": 10,
        "poison": 0,
        "effectHp": 0,
        "effectAp": 0,
        "stun": false,
        "disarm": false,
        "dispellable": true
      }
    ],
    "canDispel": false,
    "disarmable": true,
    "poisonImmune": false,
    "spellImmune": false,
    "isBully": false,
    "multiplied": false,
    "ignoreHoly": false
  },
  "addMana": 0,
  "addManaDuration": 0,
  "itemType": "CAST_A_SPELL",
  "specialPowerTypes": [],
  "specialPowers": [],
  "specialPowerTargets": [],
  "price": 0,
  "collectionItemID": "4009",
  "name": "majooneRooyinTani",
  "description": "adds 10 holy buffs to a random unit for 2 turns"
}