{
  "addMana": 0,
  "addManaDuration": 0,
  "itemType": "ADD_A_SPECIAL_POWER",
  "specialPowerTypes": [
    "ON_ATTACK"
  ],
  "specialPowers": [
    {
      "targetType": "UNIT",
      "targetArea": "ALL_OF_THE_MAP",
      "targetUnit": "ENEMY_UNIT",
      "targetUnitType": "ALL",
      "numberOfRandomTargets": 100,
      "gridX": 1,
      "gridY": 1,
      "buffs": [
        {
          "duration": 1000000,
          "holy": 0,
          "poison": 0,
          "effectHp": 0,
          "effectAp": 5,
          "stun": false,
          "disarm": false,
          "dispellable": false
        }
      ],
      "canDispel": false,
      "disarmable": true,
      "poisonImmune": false,
      "spellImmune": false,
      "isBully": false,
      "multiplied": false,
      "ignoreHoly": false
    }
  ],
  "specialPowerTargets": [
    {
      "targetUnit": "FRIENDLY_UNIT",
      "targetUnitType": "MELEE"
    }
  ],
  "price": 0,
  "collectionItemID": "4020",
  "name": "shamshireChini",
  "description": "adds 5 to attack power of melee units"
}