{
  "spell": {
    "targetType": "UNIT",
    "targetArea": "ALL_OF_THE_MAP",
    "targetUnit": "FRIENDLY_UNIT",
    "targetUnitType": "RANGED_HYBRID",
    "numberOfRandomTargets": 1,
    "gridX": 1,
    "gridY": 1,
    "buffs": [
      {
        "duration": 1000000,
        "holy": 0,
        "poison": 0,
        "effectHp": 2,
        "effectAp": 0,
        "stun": false,
        "disarm": false,
        "dispellable": false
      }
    ],
    "canDispel": false,
    "disarmable": true,
    "poisonImmune": false,
    "spellImmune": false,
    "isBully": false,
    "multiplied": false,
    "ignoreHoly": false
  },
  "addMana": 0,
  "addManaDuration": 0,
  "itemType": "CAST_A_SPELL",
  "specialPowerTypes": [],
  "specialPowers": [],
  "specialPowerTargets": [],
  "price": 0,
  "collectionItemID": "4005",
  "name": "tireDoShaakh",
  "description": "adds attack point of a selected ranged or hybrid unit by 2"
}