{
  "cooldown": 2,
  "remainingCooldown": 0,
  "unitType": "RANGED",
  "hitPoint": 30,
  "attackPoint": 2,
  "specialPowerTypes": [
    "ON_USE"
  ],
  "specialPowers": [
    {
      "targetType": "UNIT",
      "targetArea": "SAME_ROW",
      "targetUnit": "ENEMY_UNIT",
      "targetUnitType": "ALL",
      "numberOfRandomTargets": 100,
      "gridX": 1,
      "gridY": 1,
      "buffs": [
        {
          "duration": 1000000,
          "holy": 0,
          "poison": 0,
          "effectHp": -4,
          "effectAp": 0,
          "stun": false,
          "disarm": false,
          "dispellable": false
        }
      ],
      "canDispel": false,
      "disarmable": true,
      "poisonImmune": false,
      "spellImmune": false,
      "isBully": false,
      "multiplied": false,
      "ignoreHoly": false
    }
  ],
  "canFly": false,
  "attackRange": 6,
  "buffs": [],
  "flags": 0,
  "canMove": false,
  "canAttack": false,
  "isDead": false,
  "x": 0,
  "y": 0,
  "attackTimes": 0,
  "defenceTimes": 0,
  "hasAttacked": [],
  "manaCost": 2,
  "price": 10000,
  "collectionItemID": "3007",
  "name": "aarash",
  "description": "Hits all enemies in his row with 4 APs"
}