{
  "cooldown": 2,
  "remainingCooldown": 0,
  "unitType": "RANGED",
  "hitPoint": 40,
  "attackPoint": 3,
  "specialPowerTypes": [
    "ON_USE"
  ],
  "specialPowers": [
    {
      "targetType": "UNIT",
      "targetArea": "SELECTED_CELL",
      "targetUnit": "ENEMY_UNIT",
      "targetUnitType": "ALL",
      "numberOfRandomTargets": 100,
      "gridX": 1,
      "gridY": 1,
      "buffs": [
        {
          "duration": 1,
          "holy": 0,
          "poison": 0,
          "effectHp": 0,
          "effectAp": 0,
          "stun": false,
          "disarm": false,
          "dispellable": false
        }
      ],
      "canDispel": true,
      "disarmable": true,
      "poisonImmune": false,
      "spellImmune": false,
      "isBully": false,
      "multiplied": false,
      "ignoreHoly": false
    }
  ],
  "canFly": false,
  "attackRange": 3,
  "buffs": [],
  "flags": 0,
  "canMove": false,
  "canAttack": false,
  "isDead": false,
  "x": 0,
  "y": 0,
  "attackTimes": 0,
  "defenceTimes": 0,
  "hasAttacked": [],
  "manaCost": 1,
  "price": 11000,
  "collectionItemID": "3008",
  "name": "afsaane",
  "description": "Dispels an enemy unit"
}