{
  "cooldown": 3,
  "remainingCooldown": 0,
  "unitType": "MELEE",
  "hitPoint": 50,
  "attackPoint": 4,
  "specialPowerTypes": [
    "ON_USE"
  ],
  "specialPowers": [
    {
      "targetType": "CELL",
      "targetArea": "SELECTED_CELL",
      "numberOfRandomTargets": 100,
      "gridX": 1,
      "gridY": 1,
      "buffs": [
        {
          "duration": 3,
          "holy": 1,
          "poison": 0,
          "effectHp": 0,
          "effectAp": 0,
          "stun": false,
          "disarm": false,
          "dispellable": false
        }
      ],
      "canDispel": false,
      "disarmable": true,
      "poisonImmune": false,
      "spellImmune": false,
      "isBully": false,
      "multiplied": false,
      "ignoreHoly": false
    }
  ],
  "canFly": false,
  "attackRange": 0,
  "buffs": [],
  "flags": 0,
  "canMove": false,
  "canAttack": false,
  "isDead": false,
  "x": 0,
  "y": 0,
  "attackTimes": 0,
  "defenceTimes": 0,
  "hasAttacked": [],
  "manaCost": 1,
  "price": 8000,
  "collectionItemID": "3006",
  "name": "kaave",
  "description": "Imbues a cell with holiness for 3 turns"
}