{
  "cooldown": 2,
  "remainingCooldown": 0,
  "unitType": "MELEE",
  "hitPoint": 50,
  "attackPoint": 4,
  "specialPowerTypes": [
    "ON_USE"
  ],
  "specialPowers": [
    {
      "targetType": "UNIT",
      "targetArea": "SELECTED_CELL",
      "targetUnit": "ENEMY_UNIT",
      "targetUnitType": "ALL",
      "numberOfRandomTargets": 100,
      "gridX": 1,
      "gridY": 1,
      "buffs": [
        {
          "duration": 1,
          "holy": 0,
          "poison": 0,
          "effectHp": 0,
          "effectAp": 0,
          "stun": true,
          "disarm": false,
          "dispellable": true
        }
      ],
      "canDispel": false,
      "disarmable": true,
      "poisonImmune": false,
      "spellImmune": false,
      "isBully": false,
      "multiplied": false,
      "ignoreHoly": false
    }
  ],
  "canFly": false,
  "attackRange": 0,
  "buffs": [],
  "flags": 0,
  "canMove": false,
  "canAttack": false,
  "isDead": false,
  "x": 0,
  "y": 0,
  "attackTimes": 0,
  "defenceTimes": 0,
  "hasAttacked": [],
  "manaCost": 1,
  "price": 8000,
  "collectionItemID": "3004",
  "name": "rakhsh",
  "description": "Stuns an enemy for 1 turn"
}