{
  "addMana": 0,
  "addManaDuration": 0,
  "itemType": "ADD_A_SPECIAL_POWER",
  "specialPowerTypes": [
    "ON_SPAWN"
  ],
  "specialPowers": [
    {
      "targetType": "UNIT",
      "targetArea": "ALL_OF_THE_MAP",
      "targetUnit": "ENEMY_HERO",
      "targetUnitType": "ALL",
      "numberOfRandomTargets": 100,
      "gridX": 1,
      "gridY": 1,
      "buffs": [
        {
          "duration": 1000000,
          "holy": 0,
          "poison": 0,
          "effectHp": -1,
          "effectAp": 0,
          "stun": false,
          "disarm": false,
          "dispellable": false
        }
      ],
      "canDispel": false,
      "disarmable": true,
      "poisonImmune": false,
      "spellImmune": false,
      "isBully": false,
      "multiplied": false,
      "ignoreHoly": false
    }
  ],
  "specialPowerTargets": [
    {
      "targetUnit": "FRIENDLY_UNIT",
      "targetUnitType": "ALL"
    }
  ],
  "price": 15000,
  "collectionItemID": "4015",
  "name": "asssassinationDagger",
  "description": "when you put any unit on the map it hits enemy hero by 1"
}