{
  "addMana": 0,
  "addManaDuration": 0,
  "itemType": "ADD_A_SPECIAL_POWER",
  "specialPowerTypes": [
    "ON_ATTACK"
  ],
  "specialPowers": [
    {
      "targetType": "UNIT",
      "targetArea": "SELECTED_CELL",
      "targetUnit": "ENEMY_UNIT",
      "targetUnitType": "ALL",
      "numberOfRandomTargets": 100,
      "gridX": 1,
      "gridY": 1,
      "buffs": [
        {
          "duration": 1,
          "holy": 0,
          "poison": 0,
          "effectHp": 0,
          "effectAp": 0,
          "stun": false,
          "disarm": true,
          "dispellable": true
        }
      ],
      "canDispel": false,
      "disarmable": true,
      "poisonImmune": false,
      "spellImmune": false,
      "isBully": false,
      "multiplied": false,
      "ignoreHoly": false
    }
  ],
  "specialPowerTargets": [
    {
      "targetUnit": "FRIENDLY_HERO",
      "targetUnitType": "RANGED_HYBRID"
    }
  ],
  "price": 30000,
  "collectionItemID": "4003",
  "name": "kamaneDamool",
  "description": "adds disarm to each attack of ranged or hybrid hero for 1 turn"
}