{
  "spell": {
    "targetType": "UNIT",
    "targetArea": "ALL_OF_THE_MAP",
    "targetUnit": "ENEMY_HERO",
    "targetUnitType": "RANGED_HYBRID",
    "numberOfRandomTargets": 100,
    "gridX": 1,
    "gridY": 1,
    "buffs": [
      {
        "duration": 1000000,
        "holy": 0,
        "poison": 0,
        "effectHp": 0,
        "effectAp": -2,
        "stun": false,
        "disarm": false,
        "dispellable": false
      }
    ],
    "canDispel": false,
    "disarmable": true,
    "poisonImmune": false,
    "spellImmune": false,
    "isBully": false,
    "multiplied": false,
    "ignoreHoly": false
  },
  "addMana": 0,
  "addManaDuration": 0,
  "itemType": "CAST_A_SPELL",
  "specialPowerTypes": [],
  "specialPowers": [],
  "specialPowerTargets": [],
  "price": 3500,
  "collectionItemID": "4006",
  "name": "pareSimorgh",
  "description": "reduces attackpoint of enemy hero"
}