{
  "addMana": 0,
  "addManaDuration": 0,
  "itemType": "ADD_A_SPECIAL_POWER",
  "specialPowerTypes": [
    "ON_DEATH"
  ],
  "specialPowers": [
    {
      "targetType": "UNIT",
      "targetArea": "ALL_OF_THE_MAP",
      "targetUnit": "FRIENDLY_UNIT",
      "targetUnitType": "ALL",
      "numberOfRandomTargets": 1,
      "gridX": 1,
      "gridY": 1,
      "buffs": [
        {
          "duration": 1000000,
          "holy": 0,
          "poison": 0,
          "effectHp": 0,
          "effectAp": 1,
          "stun": false,
          "disarm": false,
          "dispellable": true
        }
      ],
      "canDispel": false,
      "disarmable": true,
      "poisonImmune": false,
      "spellImmune": false,
      "isBully": false,
      "multiplied": false,
      "ignoreHoly": false
    }
  ],
  "specialPowerTargets": [
    {
      "targetUnit": "FRIENDLY_UNIT",
      "targetUnitType": "ALL"
    }
  ],
  "price": 25000,
  "collectionItemID": "4018",
  "name": "soulEater",
  "description": "casts a power buff with one unit of increase attack power to a random friendly unit when some other unit dies"
}