{
  "name": "ali",
  "password": "ali",
  "wins": 1,
  "money": 880000,
  "collection": {
    "newID": 79,
    "collectionItems": {
      "44": {
        "@type": "model.Minion",
        "@val": {
          "unitType": "RANGED",
          "hitPoint": 6,
          "attackPoint": 4,
          "specialPowerTypes": [],
          "specialPowers": [],
          "canFly": false,
          "attackRange": 7,
          "buffs": [],
          "flags": 0,
          "canMove": false,
          "canAttack": false,
          "isDead": false,
          "x": 0,
          "y": 0,
          "attackTimes": 0,
          "defenceTimes": 0,
          "hasAttacked": [],
          "manaCost": 2,
          "price": 300,
          "collectionItemID": "2001",
          "name": "persianArcher",
          "description": "none"
        }
      },
      "45": {
        "@type": "model.SpellCard",
        "@val": {
          "spell": {
            "targetType": "UNIT",
            "targetArea": "SELECTED_CELL",
            "targetUnit": "UNIT",
            "targetUnitType": "ALL",
            "numberOfRandomTargets": 100,
            "gridX": 1,
            "gridY": 1,
            "canDispel": true,
            "disarmable": true,
            "poisonImmune": false,
            "spellImmune": false,
            "isBully": false,
            "multiplied": false,
            "ignoreHoly": false
          },
          "manaCost": 0,
          "price": 2100,
          "collectionItemID": "1012",
          "name": "dispel",
          "description": "Purges the selcted unit"
        }
      },
      "46": {
        "@type": "model.SpellCard",
        "@val": {
          "spell": "@root.collection.collectionItems.1-val.spell",
          "manaCost": 0,
          "price": 2100,
          "collectionItemID": "1012",
          "name": "dispel",
          "description": "Purges the selcted unit"
        }
      },
      "47": {
        "@type": "model.SpellCard",
        "@val": {
          "spell": "@root.collection.collectionItems.1-val.spell",
          "manaCost": 0,
          "price": 2100,
          "collectionItemID": "1012",
          "name": "dispel",
          "description": "Purges the selcted unit"
        }
      },
      "48": {
        "@type": "model.SpellCard",
        "@val": {
          "spell": "@root.collection.collectionItems.1-val.spell",
          "manaCost": 0,
          "price": 2100,
          "collectionItemID": "1012",
          "name": "dispel",
          "description": "Purges the selcted unit"
        }
      },
      "49": {
        "@type": "model.SpellCard",
        "@val": {
          "spell": "@root.collection.collectionItems.1-val.spell",
          "manaCost": 0,
          "price": 2100,
          "collectionItemID": "1012",
          "name": "dispel",
          "description": "Purges the selcted unit"
        }
      },
      "50": {
        "@type": "model.SpellCard",
        "@val": {
          "spell": "@root.collection.collectionItems.1-val.spell",
          "manaCost": 0,
          "price": 2100,
          "collectionItemID": "1012",
          "name": "dispel",
          "description": "Purges the selcted unit"
        }
      },
      "51": {
        "@type": "model.SpellCard",
        "@val": {
          "spell": "@root.collection.collectionItems.1-val.spell",
          "manaCost": 0,
          "price": 2100,
          "collectionItemID": "1012",
          "name": "dispel",
          "description": "Purges the selcted unit"
        }
      },
      "52": {
        "@type": "model.SpellCard",
        "@val": {
          "spell": "@root.collection.collectionItems.1-val.spell",
          "manaCost": 0,
          "price": 2100,
          "collectionItemID": "1012",
          "name": "dispel",
          "description": "Purges the selcted unit"
        }
      },
      "53": {
        "@type": "model.Hero",
        "@val": {
          "cooldown": 2,
          "remainingCooldown": 0,
          "unitType": "MELEE",
          "hitPoint": 50,
          "attackPoint": 4,
          "specialPowerTypes": [
            "ON_USE",
            "ON_ATTACK"
          ],
          "specialPowers": [
            {
              "targetType": "UNIT",
              "targetArea": "ALL_OF_THE_MAP",
              "targetUnit": "SELF",
              "targetUnitType": "ALL",
              "numberOfRandomTargets": 100,
              "gridX": 1,
              "gridY": 1,
              "buffs": [
                {
                  "duration": 1000000,
                  "holy": 0,
                  "poison": 0,
                  "effectHp": 0,
                  "effectAp": 4,
                  "stun": false,
                  "disarm": false,
                  "dispellable": true
                }
              ],
              "canDispel": false,
              "disarmable": true,
              "poisonImmune": false,
              "spellImmune": false,
              "isBully": false,
              "multiplied": false,
              "ignoreHoly": false
            },
            {
              "targetType": "UNIT",
              "targetArea": "ALL_OF_THE_MAP",
              "targetUnit": "ENEMY_UNIT",
              "targetUnitType": "ALL",
              "numberOfRandomTargets": 100,
              "gridX": 1,
              "gridY": 1,
              "buffs": [
                {
                  "duration": 1000000,
                  "holy": 0,
                  "poison": 0,
                  "effectHp": 0,
                  "effectAp": 5,
                  "stun": false,
                  "disarm": false,
                  "dispellable": false
                }
              ],
              "canDispel": false,
              "disarmable": true,
              "poisonImmune": false,
              "spellImmune": false,
              "isBully": false,
              "multiplied": false,
              "ignoreHoly": false
            }
          ],
          "canFly": false,
          "attackRange": 0,
          "buffs": [],
          "flags": 0,
          "canMove": false,
          "canAttack": false,
          "isDead": false,
          "x": 0,
          "y": 0,
          "attackTimes": 0,
          "defenceTimes": 0,
          "hasAttacked": [],
          "manaCost": 1,
          "price": 8000,
          "collectionItemID": "3001",
          "name": "diveSefid",
          "description": "Activates a 4AP power buff on himself"
        }
      },
      "10": {
        "@type": "model.Minion",
        "@val": {
          "unitType": "MELEE",
          "hitPoint": 16,
          "attackPoint": 9,
          "specialPowerTypes": [
            "ON_SPAWN",
            "ON_ATTACK"
          ],
          "specialPowers": [
            {
              "targetType": "UNIT",
              "targetArea": "ALL_OF_THE_MAP",
              "targetUnit": "ENEMY_MINION",
              "targetUnitType": "ALL",
              "numberOfRandomTargets": 1,
              "gridX": 1,
              "gridY": 1,
              "buffs": [
                {
                  "duration": 1000000,
                  "holy": 0,
                  "poison": 0,
                  "effectHp": -16,
                  "effectAp": 0,
                  "stun": false,
                  "disarm": false,
                  "dispellable": false
                }
              ],
              "canDispel": false,
              "disarmable": true,
              "poisonImmune": false,
              "spellImmune": false,
              "isBully": false,
              "multiplied": false,
              "ignoreHoly": false
            },
            "@root.collection.collectionItems.9-val.specialPowers.1"
          ],
          "canFly": false,
          "attackRange": 0,
          "buffs": [],
          "flags": 0,
          "canMove": false,
          "canAttack": false,
          "isDead": false,
          "x": 0,
          "y": 0,
          "attackTimes": 0,
          "defenceTimes": 0,
          "hasAttacked": [],
          "manaCost": 8,
          "price": 450,
          "collectionItemID": "2031",
          "name": "bahman",
          "description": "reduces hp of random enemy minion by 16"
        }
      },
      "54": {
        "@type": "model.Hero",
        "@val": {
          "cooldown": 8,
          "remainingCooldown": 0,
          "unitType": "MELEE",
          "hitPoint": 50,
          "attackPoint": 4,
          "specialPowerTypes": [
            "ON_USE"
          ],
          "specialPowers": [
            {
              "targetType": "UNIT",
              "targetArea": "ALL_OF_THE_MAP",
              "targetUnit": "ENEMY_UNIT",
              "targetUnitType": "ALL",
              "numberOfRandomTargets": 100,
              "gridX": 1,
              "gridY": 1,
              "buffs": [
                {
                  "duration": 1,
                  "holy": 0,
                  "poison": 0,
                  "effectHp": 0,
                  "effectAp": 0,
                  "stun": true,
                  "disarm": false,
                  "dispellable": true
                }
              ],
              "canDispel": false,
              "disarmable": true,
              "poisonImmune": false,
              "spellImmune": false,
              "isBully": false,
              "multiplied": false,
              "ignoreHoly": false
            }
          ],
          "canFly": false,
          "attackRange": 0,
          "buffs": [],
          "flags": 0,
          "canMove": false,
          "canAttack": false,
          "isDead": false,
          "x": 0,
          "y": 0,
          "attackTimes": 0,
          "defenceTimes": 0,
          "hasAttacked": [],
          "manaCost": 5,
          "price": 9000,
          "collectionItemID": "3002",
          "name": "simorgh",
          "description": "Stuns all enemies for 1 turn"
        }
      },
      "11": {
        "@type": "model.Minion",
        "@val": {
          "unitType": "MELEE",
          "hitPoint": 20,
          "attackPoint": 12,
          "specialPowerTypes": [
            "ON_DEFEND",
            "ON_ATTACK",
            "ON_ATTACK"
          ],
          "specialPowers": [
            {
              "targetType": "CELL",
              "targetArea": "SELECTED_CELL",
              "numberOfRandomTargets": 100,
              "gridX": 1,
              "gridY": 1,
              "canDispel": false,
              "disarmable": true,
              "poisonImmune": true,
              "spellImmune": false,
              "isBully": false,
              "multiplied": false,
              "ignoreHoly": false
            },
            "@root.collection.collectionItems.9-val.specialPowers.1",
            "@root.collection.collectionItems.9-val.specialPowers.1"
          ],
          "canFly": false,
          "attackRange": 0,
          "buffs": [],
          "flags": 0,
          "canMove": false,
          "canAttack": false,
          "isDead": false,
          "x": 0,
          "y": 0,
          "attackTimes": 0,
          "defenceTimes": 0,
          "hasAttacked": [],
          "manaCost": 8,
          "price": 400,
          "collectionItemID": "2029",
          "name": "piran",
          "description": "can't get poisoned "
        }
      },
      "55": {
        "@type": "model.SpellCard",
        "@val": {
          "spell": {
            "targetType": "CELL",
            "targetArea": "SELECTED_X_Y_GRID",
            "numberOfRandomTargets": 100,
            "gridX": 2,
            "gridY": 2,
            "buffs": [
              {
                "duration": 2,
                "holy": 0,
                "poison": 0,
                "effectHp": -2,
                "effectAp": 0,
                "stun": false,
                "disarm": false,
                "dispellable": false
              }
            ],
            "canDispel": false,
            "disarmable": true,
            "poisonImmune": false,
            "spellImmune": false,
            "isBully": false,
            "multiplied": false,
            "ignoreHoly": false
          },
          "manaCost": 3,
          "price": 600,
          "collectionItemID": "1006",
          "name": "hellFire",
          "description": "Imbues the selected cells with fire for 2 turns"
        }
      },
      "12": {
        "@type": "model.Minion",
        "@val": {
          "unitType": "RANGED",
          "hitPoint": 5,
          "attackPoint": 4,
          "specialPowerTypes": [
            "PASSIVE"
          ],
          "specialPowers": [
            {
              "targetType": "UNIT",
              "targetArea": "ADJACENT_9",
              "targetUnit": "FRIENDLY_MINION",
              "targetUnitType": "ALL",
              "numberOfRandomTargets": 100,
              "gridX": 1,
              "gridY": 1,
              "buffs": [
                {
                  "duration": 1,
                  "holy": 0,
                  "poison": 0,
                  "effectHp": -1,
                  "effectAp": 2,
                  "stun": false,
                  "disarm": false,
                  "dispellable": true
                }
              ],
              "canDispel": false,
              "disarmable": true,
              "poisonImmune": false,
              "spellImmune": false,
              "isBully": false,
              "multiplied": false,
              "ignoreHoly": false
            }
          ],
          "canFly": false,
          "attackRange": 3,
          "buffs": [],
          "flags": 0,
          "canMove": false,
          "canAttack": false,
          "isDead": false,
          "x": 0,
          "y": 0,
          "attackTimes": 0,
          "defenceTimes": 0,
          "hasAttacked": [],
          "manaCost": 4,
          "price": 550,
          "collectionItemID": "2025",
          "name": "jadoogar",
          "description": "adds a power buff with two points increase to attack power and one point decrease to health points to the minions to 8 adjacent cells and the minion itself"
        }
      },
      "56": {
        "@type": "model.SpellCard",
        "@val": {
          "spell": "@root.collection.collectionItems.13-val.spell",
          "manaCost": 3,
          "price": 600,
          "collectionItemID": "1006",
          "name": "hellFire",
          "description": "Imbues the selected cells with fire for 2 turns"
        }
      },
      "13": {
        "@type": "model.Minion",
        "@val": {
          "unitType": "MELEE",
          "hitPoint": 6,
          "attackPoint": 2,
          "specialPowerTypes": [
            "ON_ATTACK",
            "ON_ATTACK"
          ],
          "specialPowers": [
            {
              "targetType": "UNIT",
              "targetArea": "ALL_OF_THE_MAP",
              "targetUnit": "ENEMY_MINION",
              "targetUnitType": "ALL",
              "numberOfRandomTargets": 100,
              "gridX": 1,
              "gridY": 1,
              "buffs": [
                {
                  "duration": 1000000,
                  "holy": 0,
                  "poison": 0,
                  "effectHp": -8,
                  "effectAp": 0,
                  "stun": false,
                  "disarm": false,
                  "dispellable": false
                }
              ],
              "canDispel": false,
              "disarmable": true,
              "poisonImmune": false,
              "spellImmune": false,
              "isBully": false,
              "multiplied": false,
              "ignoreHoly": false
            },
            "@root.collection.collectionItems.9-val.specialPowers.1"
          ],
          "canFly": false,
          "attackRange": 2,
          "buffs": [],
          "flags": 0,
          "canMove": false,
          "canAttack": false,
          "isDead": false,
          "x": 0,
          "y": 0,
          "attackTimes": 0,
          "defenceTimes": 0,
          "hasAttacked": [],
          "manaCost": 4,
          "price": 400,
          "collectionItemID": "2023",
          "name": "palang",
          "description": "when attacking a minion, the minion loses 8 health points in next turn"
        }
      },
      "57": {
        "@type": "model.SpellCard",
        "@val": {
          "spell": "@root.collection.collectionItems.13-val.spell",
          "manaCost": 3,
          "price": 600,
          "collectionItemID": "1006",
          "name": "hellFire",
          "description": "Imbues the selected cells with fire for 2 turns"
        }
      },
      "14": {
        "@type": "model.Minion",
        "@val": {
          "unitType": "HYBRID",
          "hitPoint": 14,
          "attackPoint": 10,
          "specialPowerTypes": [],
          "specialPowers": [],
          "canFly": false,
          "attackRange": 7,
          "buffs": [],
          "flags": 0,
          "canMove": false,
          "canAttack": false,
          "isDead": false,
          "x": 0,
          "y": 0,
          "attackTimes": 0,
          "defenceTimes": 0,
          "hasAttacked": [],
          "manaCost": 9,
          "price": 300,
          "collectionItemID": "2013",
          "name": "blackDiv",
          "description": ""
        }
      },
      "58": {
        "@type": "model.SpellCard",
        "@val": {
          "spell": "@root.collection.collectionItems.13-val.spell",
          "manaCost": 3,
          "price": 600,
          "collectionItemID": "1006",
          "name": "hellFire",
          "description": "Imbues the selected cells with fire for 2 turns"
        }
      },
      "15": {
        "@type": "model.Minion",
        "@val": {
          "unitType": "MELEE",
          "hitPoint": 20,
          "attackPoint": 12,
          "specialPowerTypes": "@root.collection.collectionItems.12-val.specialPowerTypes",
          "specialPowers": "@root.collection.collectionItems.12-val.specialPowers",
          "canFly": false,
          "attackRange": 0,
          "buffs": [],
          "flags": 0,
          "canMove": false,
          "canAttack": false,
          "isDead": false,
          "x": 0,
          "y": 0,
          "attackTimes": 0,
          "defenceTimes": 0,
          "hasAttacked": [],
          "manaCost": 8,
          "price": 400,
          "collectionItemID": "2029",
          "name": "piran",
          "description": "can't get poisoned "
        }
      },
      "59": {
        "@type": "model.SpellCard",
        "@val": {
          "spell": "@root.collection.collectionItems.13-val.spell",
          "manaCost": 3,
          "price": 600,
          "collectionItemID": "1006",
          "name": "hellFire",
          "description": "Imbues the selected cells with fire for 2 turns"
        }
      },
      "16": {
        "@type": "model.Minion",
        "@val": {
          "unitType": "RANGED",
          "hitPoint": 5,
          "attackPoint": 7,
          "specialPowerTypes": [
            "ON_DEFEND"
          ],
          "specialPowers": [
            {
              "targetType": "CELL",
              "targetArea": "SELECTED_CELL",
              "numberOfRandomTargets": 100,
              "gridX": 1,
              "gridY": 1,
              "canDispel": false,
              "disarmable": true,
              "poisonImmune": false,
              "spellImmune": true,
              "isBully": false,
              "multiplied": false,
              "ignoreHoly": false
            }
          ],
          "canFly": false,
          "attackRange": 5,
          "buffs": [],
          "flags": 0,
          "canMove": false,
          "canAttack": false,
          "isDead": false,
          "x": 0,
          "y": 0,
          "attackTimes": 0,
          "defenceTimes": 0,
          "hasAttacked": [],
          "manaCost": 4,
          "price": 450,
          "collectionItemID": "2030",
          "name": "giv",
          "description": "immune to spell!"
        }
      },
      "17": {
        "@type": "model.Minion",
        "@val": {
          "unitType": "RANGED",
          "hitPoint": 4,
          "attackPoint": 2,
          "specialPowerTypes": [],
          "specialPowers": [],
          "canFly": false,
          "attackRange": 7,
          "buffs": [],
          "flags": 0,
          "canMove": false,
          "canAttack": false,
          "isDead": false,
          "x": 0,
          "y": 0,
          "attackTimes": 0,
          "defenceTimes": 0,
          "hasAttacked": [],
          "manaCost": 1,
          "price": 600,
          "collectionItemID": "2008",
          "name": "tooraaniSlinger",
          "description": ""
        }
      },
      "18": {
        "@type": "model.Minion",
        "@val": {
          "unitType": "MELEE",
          "hitPoint": 14,
          "attackPoint": 8,
          "specialPowerTypes": [
            "ON_DEFEND"
          ],
          "specialPowers": [
            {
              "targetType": "CELL",
              "targetArea": "SELECTED_CELL",
              "numberOfRandomTargets": 100,
              "gridX": 1,
              "gridY": 1,
              "canDispel": false,
              "disarmable": true,
              "poisonImmune": false,
              "spellImmune": false,
              "isBully": true,
              "multiplied": false,
              "ignoreHoly": false
            }
          ],
          "canFly": false,
          "attackRange": 0,
          "buffs": [],
          "flags": 0,
          "canMove": false,
          "canAttack": false,
          "isDead": false,
          "x": 0,
          "y": 0,
          "attackTimes": 0,
          "defenceTimes": 0,
          "hasAttacked": [],
          "manaCost": 7,
          "price": 400,
          "collectionItemID": "2032",
          "name": "ashkBoos",
          "description": "is a bully"
        }
      },
      "19": {
        "@type": "model.Minion",
        "@val": {
          "unitType": "RANGED",
          "hitPoint": 6,
          "attackPoint": 20,
          "specialPowerTypes": [],
          "specialPowers": [],
          "canFly": false,
          "attackRange": 3,
          "buffs": [],
          "flags": 0,
          "canMove": false,
          "canAttack": false,
          "isDead": false,
          "x": 0,
          "y": 0,
          "attackTimes": 0,
          "defenceTimes": 0,
          "hasAttacked": [],
          "manaCost": 4,
          "price": 500,
          "collectionItemID": "2033",
          "name": "iraj",
          "description": "no special powers "
        }
      },
      "0": {
        "@type": "model.Hero",
        "@val": {
          "cooldown": 0,
          "remainingCooldown": 0,
          "unitType": "HYBRID",
          "hitPoint": 55,
          "attackPoint": 7,
          "specialPowerTypes": [],
          "specialPowers": [],
          "canFly": false,
          "attackRange": 4,
          "buffs": [],
          "flags": 0,
          "canMove": false,
          "canAttack": false,
          "isDead": false,
          "x": 0,
          "y": 0,
          "attackTimes": 0,
          "defenceTimes": 0,
          "hasAttacked": [],
          "manaCost": 0,
          "price": 8000,
          "collectionItemID": "3010",
          "name": "rostam",
          "description": "none"
        }
      },
      "1": {
        "@type": "model.Usable",
        "@val": {
          "addMana": 1,
          "addManaDuration": 3,
          "itemType": "ADD_MANA",
          "specialPowerTypes": [],
          "specialPowers": [],
          "specialPowerTargets": [],
          "price": 300,
          "collectionItemID": "4001",
          "name": "taajeDanayi",
          "description": "adds mana in first 3 turns"
        }
      },
      "2": {
        "@type": "model.SpellCard",
        "@val": {
          "spell": {
            "targetType": "UNIT",
            "targetArea": "SELECTED_CELL",
            "targetUnit": "FRIENDLY_UNIT",
            "targetUnitType": "ALL",
            "numberOfRandomTargets": 100,
            "gridX": 1,
            "gridY": 1,
            "buffs": [
              {
                "duration": 3,
                "holy": 0,
                "poison": 0,
                "effectHp": 0,
                "effectAp": 4,
                "stun": false,
                "disarm": true,
                "dispellable": false
              }
            ],
            "canDispel": false,
            "disarmable": true,
            "poisonImmune": false,
            "spellImmune": false,
            "isBully": false,
            "multiplied": false,
            "ignoreHoly": false
          },
          "manaCost": 0,
          "price": 650,
          "collectionItemID": "1009",
          "name": "madness",
          "description": "For 3 turns, adds 4 APs, but disarms"
        }
      },
      "3": {
        "@type": "model.SpellCard",
        "@val": {
          "spell": {
            "targetType": "UNIT",
            "targetArea": "SELECTED_X_Y_GRID",
            "targetUnit": "ENEMY_UNIT",
            "targetUnitType": "ALL",
            "numberOfRandomTargets": 100,
            "gridX": -1,
            "gridY": 1,
            "buffs": [
              {
                "duration": 1000000,
                "holy": 0,
                "poison": 0,
                "effectHp": -6,
                "effectAp": 0,
                "stun": false,
                "disarm": false,
                "dispellable": false
              }
            ],
            "canDispel": false,
            "disarmable": true,
            "poisonImmune": false,
            "spellImmune": false,
            "isBully": false,
            "multiplied": false,
            "ignoreHoly": false
          },
          "manaCost": 4,
          "price": 1500,
          "collectionItemID": "1016",
          "name": "allAttack",
          "description": "Hits all enemy units in a column with 6 AP"
        }
      },
      "4": {
        "@type": "model.Minion",
        "@val": {
          "unitType": "RANGED",
          "hitPoint": 0,
          "attackPoint": 2,
          "specialPowerTypes": [
            "PASSIVE"
          ],
          "specialPowers": [
            {
              "targetType": "UNIT",
              "targetArea": "ALL_OF_THE_MAP",
              "targetUnit": "SELF",
              "targetUnitType": "ALL",
              "numberOfRandomTargets": 100,
              "gridX": 1,
              "gridY": 1,
              "buffs": [
                {
                  "duration": 1,
                  "holy": 0,
                  "poison": 0,
                  "effectHp": 10,
                  "effectAp": 0,
                  "stun": false,
                  "disarm": false,
                  "dispellable": true
                }
              ],
              "canDispel": false,
              "disarmable": true,
              "poisonImmune": false,
              "spellImmune": false,
              "isBully": false,
              "multiplied": false,
              "ignoreHoly": false
            }
          ],
          "canFly": false,
          "attackRange": 3,
          "buffs": [],
          "flags": 0,
          "canMove": false,
          "canAttack": false,
          "isDead": false,
          "x": 0,
          "y": 0,
          "attackTimes": 0,
          "defenceTimes": 0,
          "hasAttacked": [],
          "manaCost": 2,
          "price": 200,
          "collectionItemID": "2015",
          "name": "eagle",
          "description": "Passive 10HP power buff"
        }
      },
      "5": {
        "@type": "model.Minion",
        "@val": {
          "unitType": "MELEE",
          "hitPoint": 6,
          "attackPoint": 1,
          "specialPowerTypes": [
            "ON_ATTACK",
            "ON_ATTACK"
          ],
          "specialPowers": [
            {
              "targetType": "UNIT",
              "targetArea": "SELECTED_CELL",
              "targetUnit": "ENEMY_MINION",
              "targetUnitType": "ALL",
              "numberOfRandomTargets": 100,
              "gridX": 1,
              "gridY": 1,
              "buffs": [
                {
                  "duration": 1,
                  "holy": 0,
                  "poison": 0,
                  "effectHp": 6,
                  "effectAp": 0,
                  "stun": false,
                  "disarm": false,
                  "dispellable": false
                },
                {
                  "duration": 2,
                  "holy": 0,
                  "poison": 0,
                  "effectHp": -6,
                  "effectAp": 0,
                  "stun": false,
                  "disarm": false,
                  "dispellable": false
                }
              ],
              "canDispel": false,
              "disarmable": true,
              "poisonImmune": false,
              "spellImmune": false,
              "isBully": false,
              "multiplied": false,
              "ignoreHoly": false
            },
            "@root.collection.collectionItems.9-val.specialPowers.1"
          ],
          "canFly": false,
          "attackRange": 0,
          "buffs": [],
          "flags": 0,
          "canMove": false,
          "canAttack": false,
          "isDead": false,
          "x": 0,
          "y": 0,
          "attackTimes": 0,
          "defenceTimes": 0,
          "hasAttacked": [],
          "manaCost": 3,
          "price": 400,
          "collectionItemID": "2024",
          "name": "gorg",
          "description": "reduces 6 hp from enemy minion in next turn"
        }
      },
      "6": {
        "@type": "model.Minion",
        "@val": {
          "unitType": "RANGED",
          "hitPoint": 10,
          "attackPoint": 4,
          "specialPowerTypes": [
            "PASSIVE"
          ],
          "specialPowers": [
            {
              "targetType": "UNIT",
              "targetArea": "ALL_OF_THE_MAP",
              "targetUnit": "FRIENDLY_MINION",
              "targetUnitType": "ALL",
              "numberOfRandomTargets": 100,
              "gridX": 1,
              "gridY": 1,
              "buffs": [
                {
                  "duration": 1000000,
                  "holy": 0,
                  "poison": 0,
                  "effectHp": 0,
                  "effectAp": 1,
                  "stun": false,
                  "disarm": false,
                  "dispellable": true
                }
              ],
              "canDispel": false,
              "disarmable": true,
              "poisonImmune": false,
              "spellImmune": false,
              "isBully": false,
              "multiplied": false,
              "ignoreHoly": false
            }
          ],
          "canFly": false,
          "attackRange": 4,
          "buffs": [],
          "flags": 0,
          "canMove": false,
          "canAttack": false,
          "isDead": false,
          "x": 0,
          "y": 0,
          "attackTimes": 0,
          "defenceTimes": 0,
          "hasAttacked": [],
          "manaCost": 5,
          "price": 500,
          "collectionItemID": "2027",
          "name": "jen",
          "description": "gives power buff 1 to all friendly minions (passive)"
        }
      },
      "7": {
        "@type": "model.SpellCard",
        "@val": {
          "spell": {
            "targetType": "UNIT",
            "targetArea": "SELECTED_X_Y_GRID",
            "targetUnit": "UNIT",
            "targetUnitType": "ALL",
            "numberOfRandomTargets": 100,
            "gridX": 2,
            "gridY": 2,
            "buffs": [
              {
                "duration": 1,
                "holy": 0,
                "poison": 0,
                "effectHp": 0,
                "effectAp": 0,
                "stun": false,
                "disarm": false,
                "dispellable": false
              }
            ],
            "canDispel": true,
            "disarmable": true,
            "poisonImmune": false,
            "spellImmune": false,
            "isBully": false,
            "multiplied": false,
            "ignoreHoly": false
          },
          "manaCost": 2,
          "price": 1500,
          "collectionItemID": "1002",
          "name": "areaDispel",
          "description": "Purges friendly and enemy units"
        }
      },
      "8": {
        "@type": "model.SpellCard",
        "@val": {
          "spell": {
            "targetType": "CELL",
            "targetArea": "SELECTED_X_Y_GRID",
            "numberOfRandomTargets": 100,
            "gridX": 2,
            "gridY": 2,
            "buffs": [
              {
                "duration": 2,
                "holy": 0,
                "poison": 0,
                "effectHp": -2,
                "effectAp": 0,
                "stun": false,
                "disarm": false,
                "dispellable": false
              }
            ],
            "canDispel": false,
            "disarmable": true,
            "poisonImmune": false,
            "spellImmune": false,
            "isBully": false,
            "multiplied": false,
            "ignoreHoly": false
          },
          "manaCost": 3,
          "price": 600,
          "collectionItemID": "1006",
          "name": "hellFire",
          "description": "Imbues the selected cells with fire for 2 turns"
        }
      },
      "9": {
        "@type": "model.SpellCard",
        "@val": {
          "spell": {
            "targetType": "UNIT",
            "targetArea": "SELECTED_CELL",
            "targetUnit": "ENEMY_UNIT",
            "targetUnitType": "ALL",
            "numberOfRandomTargets": 100,
            "gridX": 1,
            "gridY": 1,
            "buffs": [
              {
                "duration": 2,
                "holy": 0,
                "poison": 0,
                "effectHp": 0,
                "effectAp": 0,
                "stun": true,
                "disarm": false,
                "dispellable": true
              }
            ],
            "canDispel": false,
            "disarmable": true,
            "poisonImmune": false,
            "spellImmune": false,
            "isBully": false,
            "multiplied": false,
            "ignoreHoly": false
          },
          "manaCost": 1,
          "price": 1200,
          "collectionItemID": "1020",
          "name": "shock",
          "description": "Stuns an enemy for 2 turns"
        }
      },
      "60": {
        "@type": "model.SpellCard",
        "@val": {
          "spell": "@root.collection.collectionItems.13-val.spell",
          "manaCost": 3,
          "price": 600,
          "collectionItemID": "1006",
          "name": "hellFire",
          "description": "Imbues the selected cells with fire for 2 turns"
        }
      },
      "61": {
        "@type": "model.SpellCard",
        "@val": {
          "spell": "@root.collection.collectionItems.13-val.spell",
          "manaCost": 3,
          "price": 600,
          "collectionItemID": "1006",
          "name": "hellFire",
          "description": "Imbues the selected cells with fire for 2 turns"
        }
      },
      "62": {
        "@type": "model.SpellCard",
        "@val": {
          "spell": "@root.collection.collectionItems.13-val.spell",
          "manaCost": 3,
          "price": 600,
          "collectionItemID": "1006",
          "name": "hellFire",
          "description": "Imbues the selected cells with fire for 2 turns"
        }
      },
      "63": {
        "@type": "model.SpellCard",
        "@val": {
          "spell": "@root.collection.collectionItems.13-val.spell",
          "manaCost": 3,
          "price": 600,
          "collectionItemID": "1006",
          "name": "hellFire",
          "description": "Imbues the selected cells with fire for 2 turns"
        }
      },
      "20": {
        "@type": "model.Minion",
        "@val": {
          "unitType": "RANGED",
          "hitPoint": 3,
          "attackPoint": 4,
          "specialPowerTypes": [
            "ON_SPAWN"
          ],
          "specialPowers": [
            {
              "targetType": "UNIT",
              "targetArea": "ADJACENT_8",
              "targetUnit": "ENEMY_MINION",
              "targetUnitType": "ALL",
              "numberOfRandomTargets": 100,
              "gridX": 1,
              "gridY": 1,
              "buffs": [
                {
                  "duration": 1000000,
                  "holy": 0,
                  "poison": 0,
                  "effectHp": 0,
                  "effectAp": 0,
                  "stun": true,
                  "disarm": false,
                  "dispellable": true
                }
              ],
              "canDispel": false,
              "disarmable": true,
              "poisonImmune": false,
              "spellImmune": false,
              "isBully": false,
              "multiplied": false,
              "ignoreHoly": false
            }
          ],
          "canFly": false,
          "attackRange": 5,
          "buffs": [],
          "flags": 0,
          "canMove": false,
          "canAttack": false,
          "isDead": false,
          "x": 0,
          "y": 0,
          "attackTimes": 0,
          "defenceTimes": 0,
          "hasAttacked": [],
          "manaCost": 3,
          "price": 500,
          "collectionItemID": "2036",
          "name": "naneSarma",
          "description": "stuns enemy minions in 8 adjacent cells"
        }
      },
      "64": {
        "@type": "model.SpellCard",
        "@val": {
          "spell": "@root.collection.collectionItems.13-val.spell",
          "manaCost": 3,
          "price": 600,
          "collectionItemID": "1006",
          "name": "hellFire",
          "description": "Imbues the selected cells with fire for 2 turns"
        }
      },
      "21": {
        "@type": "model.Minion",
        "@val": {
          "unitType": "RANGED",
          "hitPoint": 12,
          "attackPoint": 12,
          "specialPowerTypes": [],
          "specialPowers": [],
          "canFly": false,
          "attackRange": 7,
          "buffs": [],
          "flags": 0,
          "canMove": false,
          "canAttack": false,
          "isDead": false,
          "x": 0,
          "y": 0,
          "attackTimes": 0,
          "defenceTimes": 0,
          "hasAttacked": [],
          "manaCost": 9,
          "price": 300,
          "collectionItemID": "2014",
          "name": "divSlinger",
          "description": ""
        }
      },
      "65": {
        "@type": "model.SpellCard",
        "@val": {
          "spell": "@root.collection.collectionItems.13-val.spell",
          "manaCost": 3,
          "price": 600,
          "collectionItemID": "1006",
          "name": "hellFire",
          "description": "Imbues the selected cells with fire for 2 turns"
        }
      },
      "22": {
        "@type": "model.SpellCard",
        "@val": {
          "spell": {
            "targetType": "UNIT",
            "targetArea": "SELECTED_CELL",
            "targetUnit": "FRIENDLY_UNIT",
            "targetUnitType": "ALL",
            "numberOfRandomTargets": 100,
            "gridX": 1,
            "gridY": 1,
            "buffs": [
              {
                "duration": 1,
                "holy": 0,
                "poison": 0,
                "effectHp": 0,
                "effectAp": 6,
                "stun": false,
                "disarm": false,
                "dispellable": true
              }
            ],
            "canDispel": false,
            "disarmable": true,
            "poisonImmune": false,
            "spellImmune": false,
            "isBully": false,
            "multiplied": false,
            "ignoreHoly": false
          },
          "manaCost": 2,
          "price": 2500,
          "collectionItemID": "1014",
          "name": "powerUp",
          "description": "6 AP power buffs"
        }
      },
      "66": {
        "@type": "model.SpellCard",
        "@val": {
          "spell": "@root.collection.collectionItems.13-val.spell",
          "manaCost": 3,
          "price": 600,
          "collectionItemID": "1006",
          "name": "hellFire",
          "description": "Imbues the selected cells with fire for 2 turns"
        }
      },
      "23": {
        "@type": "model.SpellCard",
        "@val": {
          "spell": "@root.collection.collectionItems.44-val.spell",
          "manaCost": 2,
          "price": 2500,
          "collectionItemID": "1014",
          "name": "powerUp",
          "description": "6 AP power buffs"
        }
      },
      "67": {
        "@type": "model.SpellCard",
        "@val": {
          "spell": "@root.collection.collectionItems.13-val.spell",
          "manaCost": 3,
          "price": 600,
          "collectionItemID": "1006",
          "name": "hellFire",
          "description": "Imbues the selected cells with fire for 2 turns"
        }
      },
      "24": {
        "@type": "model.SpellCard",
        "@val": {
          "spell": "@root.collection.collectionItems.44-val.spell",
          "manaCost": 2,
          "price": 2500,
          "collectionItemID": "1014",
          "name": "powerUp",
          "description": "6 AP power buffs"
        }
      },
      "68": {
        "@type": "model.SpellCard",
        "@val": {
          "spell": {
            "targetType": "CELL",
            "targetArea": "SELECTED_X_Y_GRID",
            "numberOfRandomTargets": 100,
            "gridX": 3,
            "gridY": 3,
            "buffs": [
              {
                "duration": 1,
                "holy": 0,
                "poison": 1,
                "effectHp": 0,
                "effectAp": 0,
                "stun": false,
                "disarm": false,
                "dispellable": false
              }
            ],
            "canDispel": false,
            "disarmable": true,
            "poisonImmune": false,
            "spellImmune": false,
            "isBully": false,
            "multiplied": false,
            "ignoreHoly": false
          },
          "manaCost": 5,
          "price": 900,
          "collectionItemID": "1008",
          "name": "poisonLake",
          "description": "Imbues the selected cells with poison for 1 turn"
        }
      },
      "25": {
        "@type": "model.SpellCard",
        "@val": {
          "spell": "@root.collection.collectionItems.44-val.spell",
          "manaCost": 2,
          "price": 2500,
          "collectionItemID": "1014",
          "name": "powerUp",
          "description": "6 AP power buffs"
        }
      },
      "69": {
        "@type": "model.SpellCard",
        "@val": {
          "spell": "@root.collection.collectionItems.49-val.spell",
          "manaCost": 5,
          "price": 900,
          "collectionItemID": "1008",
          "name": "poisonLake",
          "description": "Imbues the selected cells with poison for 1 turn"
        }
      },
      "26": {
        "@type": "model.SpellCard",
        "@val": {
          "spell": "@root.collection.collectionItems.44-val.spell",
          "manaCost": 2,
          "price": 2500,
          "collectionItemID": "1014",
          "name": "powerUp",
          "description": "6 AP power buffs"
        }
      },
      "27": {
        "@type": "model.SpellCard",
        "@val": {
          "spell": "@root.collection.collectionItems.44-val.spell",
          "manaCost": 2,
          "price": 2500,
          "collectionItemID": "1014",
          "name": "powerUp",
          "description": "6 AP power buffs"
        }
      },
      "28": {
        "@type": "model.SpellCard",
        "@val": {
          "spell": "@root.collection.collectionItems.44-val.spell",
          "manaCost": 2,
          "price": 2500,
          "collectionItemID": "1014",
          "name": "powerUp",
          "description": "6 AP power buffs"
        }
      },
      "29": {
        "@type": "model.SpellCard",
        "@val": {
          "spell": "@root.collection.collectionItems.44-val.spell",
          "manaCost": 2,
          "price": 2500,
          "collectionItemID": "1014",
          "name": "powerUp",
          "description": "6 AP power buffs"
        }
      },
      "70": {
        "@type": "model.SpellCard",
        "@val": {
          "spell": "@root.collection.collectionItems.49-val.spell",
          "manaCost": 5,
          "price": 900,
          "collectionItemID": "1008",
          "name": "poisonLake",
          "description": "Imbues the selected cells with poison for 1 turn"
        }
      },
      "71": {
        "@type": "model.SpellCard",
        "@val": {
          "spell": "@root.collection.collectionItems.49-val.spell",
          "manaCost": 5,
          "price": 900,
          "collectionItemID": "1008",
          "name": "poisonLake",
          "description": "Imbues the selected cells with poison for 1 turn"
        }
      },
      "72": {
        "@type": "model.SpellCard",
        "@val": {
          "spell": "@root.collection.collectionItems.49-val.spell",
          "manaCost": 5,
          "price": 900,
          "collectionItemID": "1008",
          "name": "poisonLake",
          "description": "Imbues the selected cells with poison for 1 turn"
        }
      },
      "73": {
        "@type": "model.SpellCard",
        "@val": {
          "spell": "@root.collection.collectionItems.49-val.spell",
          "manaCost": 5,
          "price": 900,
          "collectionItemID": "1008",
          "name": "poisonLake",
          "description": "Imbues the selected cells with poison for 1 turn"
        }
      },
      "30": {
        "@type": "model.SpellCard",
        "@val": {
          "spell": "@root.collection.collectionItems.44-val.spell",
          "manaCost": 2,
          "price": 2500,
          "collectionItemID": "1014",
          "name": "powerUp",
          "description": "6 AP power buffs"
        }
      },
      "74": {
        "@type": "model.SpellCard",
        "@val": {
          "spell": "@root.collection.collectionItems.49-val.spell",
          "manaCost": 5,
          "price": 900,
          "collectionItemID": "1008",
          "name": "poisonLake",
          "description": "Imbues the selected cells with poison for 1 turn"
        }
      },
      "31": {
        "@type": "model.SpellCard",
        "@val": {
          "spell": "@root.collection.collectionItems.44-val.spell",
          "manaCost": 2,
          "price": 2500,
          "collectionItemID": "1014",
          "name": "powerUp",
          "description": "6 AP power buffs"
        }
      },
      "75": {
        "@type": "model.SpellCard",
        "@val": {
          "spell": "@root.collection.collectionItems.49-val.spell",
          "manaCost": 5,
          "price": 900,
          "collectionItemID": "1008",
          "name": "poisonLake",
          "description": "Imbues the selected cells with poison for 1 turn"
        }
      },
      "32": {
        "@type": "model.SpellCard",
        "@val": {
          "spell": "@root.collection.collectionItems.44-val.spell",
          "manaCost": 2,
          "price": 2500,
          "collectionItemID": "1014",
          "name": "powerUp",
          "description": "6 AP power buffs"
        }
      },
      "76": {
        "@type": "model.SpellCard",
        "@val": {
          "spell": "@root.collection.collectionItems.49-val.spell",
          "manaCost": 5,
          "price": 900,
          "collectionItemID": "1008",
          "name": "poisonLake",
          "description": "Imbues the selected cells with poison for 1 turn"
        }
      },
      "33": {
        "@type": "model.SpellCard",
        "@val": {
          "spell": "@root.collection.collectionItems.44-val.spell",
          "manaCost": 2,
          "price": 2500,
          "collectionItemID": "1014",
          "name": "powerUp",
          "description": "6 AP power buffs"
        }
      },
      "34": {
        "@type": "model.SpellCard",
        "@val": {
          "spell": "@root.collection.collectionItems.44-val.spell",
          "manaCost": 2,
          "price": 2500,
          "collectionItemID": "1014",
          "name": "powerUp",
          "description": "6 AP power buffs"
        }
      },
      "78": {
        "@type": "model.Hero",
        "@val": {
          "cooldown": 8,
          "remainingCooldown": 0,
          "unitType": "MELEE",
          "hitPoint": 50,
          "attackPoint": 4,
          "specialPowerTypes": [
            "ON_USE"
          ],
          "specialPowers": [
            {
              "targetType": "UNIT",
              "targetArea": "ALL_OF_THE_MAP",
              "targetUnit": "ENEMY_UNIT",
              "targetUnitType": "ALL",
              "numberOfRandomTargets": 100,
              "gridX": 1,
              "gridY": 1,
              "buffs": [
                {
                  "duration": 1,
                  "holy": 0,
                  "poison": 0,
                  "effectHp": 0,
                  "effectAp": 0,
                  "stun": true,
                  "disarm": false,
                  "dispellable": true
                }
              ],
              "canDispel": false,
              "disarmable": true,
              "poisonImmune": false,
              "spellImmune": false,
              "isBully": false,
              "multiplied": false,
              "ignoreHoly": false
            }
          ],
          "canFly": false,
          "attackRange": 0,
          "buffs": [],
          "flags": 0,
          "canMove": false,
          "canAttack": false,
          "isDead": false,
          "x": 0,
          "y": 0,
          "attackTimes": 0,
          "defenceTimes": 0,
          "hasAttacked": [],
          "manaCost": 5,
          "price": 9000,
          "collectionItemID": "3002",
          "name": "simorgh",
          "description": "Stuns all enemies for 1 turn"
        }
      },
      "35": {
        "@type": "model.SpellCard",
        "@val": {
          "spell": "@root.collection.collectionItems.44-val.spell",
          "manaCost": 2,
          "price": 2500,
          "collectionItemID": "1014",
          "name": "powerUp",
          "description": "6 AP power buffs"
        }
      },
      "36": {
        "@type": "model.SpellCard",
        "@val": {
          "spell": "@root.collection.collectionItems.44-val.spell",
          "manaCost": 2,
          "price": 2500,
          "collectionItemID": "1014",
          "name": "powerUp",
          "description": "6 AP power buffs"
        }
      },
      "37": {
        "@type": "model.SpellCard",
        "@val": {
          "spell": "@root.collection.collectionItems.44-val.spell",
          "manaCost": 2,
          "price": 2500,
          "collectionItemID": "1014",
          "name": "powerUp",
          "description": "6 AP power buffs"
        }
      },
      "38": {
        "@type": "model.SpellCard",
        "@val": {
          "spell": "@root.collection.collectionItems.44-val.spell",
          "manaCost": 2,
          "price": 2500,
          "collectionItemID": "1014",
          "name": "powerUp",
          "description": "6 AP power buffs"
        }
      },
      "39": {
        "@type": "model.SpellCard",
        "@val": {
          "spell": "@root.collection.collectionItems.44-val.spell",
          "manaCost": 2,
          "price": 2500,
          "collectionItemID": "1014",
          "name": "powerUp",
          "description": "6 AP power buffs"
        }
      },
      "40": {
        "@type": "model.SpellCard",
        "@val": {
          "spell": "@root.collection.collectionItems.44-val.spell",
          "manaCost": 2,
          "price": 2500,
          "collectionItemID": "1014",
          "name": "powerUp",
          "description": "6 AP power buffs"
        }
      },
      "41": {
        "@type": "model.Minion",
        "@val": {
          "unitType": "RANGED",
          "hitPoint": 6,
          "attackPoint": 4,
          "specialPowerTypes": "@root.collection.collectionItems.0-val.specialPowerTypes",
          "specialPowers": "@root.collection.collectionItems.0-val.specialPowers",
          "canFly": false,
          "attackRange": 7,
          "buffs": [],
          "flags": 0,
          "canMove": false,
          "canAttack": false,
          "isDead": false,
          "x": 0,
          "y": 0,
          "attackTimes": 0,
          "defenceTimes": 0,
          "hasAttacked": [],
          "manaCost": 2,
          "price": 300,
          "collectionItemID": "2001",
          "name": "persianArcher",
          "description": "none"
        }
      },
      "42": {
        "@type": "model.Minion",
        "@val": {
          "unitType": "RANGED",
          "hitPoint": 6,
          "attackPoint": 4,
          "specialPowerTypes": "@root.collection.collectionItems.0-val.specialPowerTypes",
          "specialPowers": "@root.collection.collectionItems.0-val.specialPowers",
          "canFly": false,
          "attackRange": 7,
          "buffs": [],
          "flags": 0,
          "canMove": false,
          "canAttack": false,
          "isDead": false,
          "x": 0,
          "y": 0,
          "attackTimes": 0,
          "defenceTimes": 0,
          "hasAttacked": [],
          "manaCost": 2,
          "price": 300,
          "collectionItemID": "2001",
          "name": "persianArcher",
          "description": "none"
        }
      },
      "43": {
        "@type": "model.Minion",
        "@val": {
          "unitType": "RANGED",
          "hitPoint": 6,
          "attackPoint": 4,
          "specialPowerTypes": "@root.collection.collectionItems.0-val.specialPowerTypes",
          "specialPowers": "@root.collection.collectionItems.0-val.specialPowers",
          "canFly": false,
          "attackRange": 7,
          "buffs": [],
          "flags": 0,
          "canMove": false,
          "canAttack": false,
          "isDead": false,
          "x": 0,
          "y": 0,
          "attackTimes": 0,
          "defenceTimes": 0,
          "hasAttacked": [],
          "manaCost": 2,
          "price": 300,
          "collectionItemID": "2001",
          "name": "persianArcher",
          "description": "none"
        }
      }
    },
    "decks": {
      "buff": {
        "cards": {
          "@type": "java.util.ArrayDeque",
          "@val": [
            "@root.collection.collectionItems.72-val",
            "@root.collection.collectionItems.71-val",
            "@root.collection.collectionItems.70-val",
            "@root.collection.collectionItems.69-val",
            "@root.collection.collectionItems.67-val",
            "@root.collection.collectionItems.66-val",
            "@root.collection.collectionItems.64-val",
            "@root.collection.collectionItems.62-val",
            "@root.collection.collectionItems.60-val",
            "@root.collection.collectionItems.55-val",
            "@root.collection.collectionItems.54-val",
            "@root.collection.collectionItems.53-val",
            "@root.collection.collectionItems.52-val",
            "@root.collection.collectionItems.50-val",
            "@root.collection.collectionItems.48-val",
            "@root.collection.collectionItems.46-val",
            "@root.collection.collectionItems.44-val",
            "@root.collection.collectionItems.31-val"
          ]
        },
        "deckHero": "@root.collection.collectionItems.26-val",
        "deckName": "buff",
        "numberOfTabsOnToString": 0,
        "collectionItemsIDs": [
          "0",
          "38",
          "37",
          "36",
          "35",
          "34",
          "33",
          "32",
          "31",
          "30",
          "29",
          "28",
          "27",
          "26",
          "25",
          "24",
          "23",
          "22",
          "5"
        ]
      },
      "ali": {
        "cards": {
          "@type": "java.util.ArrayDeque",
          "@val": [
            "@root.collection.collectionItems.28-val",
            "@root.collection.collectionItems.29-val",
            "@root.collection.collectionItems.30-val",
            "@root.collection.collectionItems.31-val",
            "@root.collection.collectionItems.32-val",
            "@root.collection.collectionItems.33-val",
            "@root.collection.collectionItems.34-val",
            "@root.collection.collectionItems.35-val",
            "@root.collection.collectionItems.10-val",
            "@root.collection.collectionItems.12-val",
            "@root.collection.collectionItems.14-val",
            "@root.collection.collectionItems.16-val",
            "@root.collection.collectionItems.18-val",
            "@root.collection.collectionItems.20-val",
            "@root.collection.collectionItems.22-val",
            "@root.collection.collectionItems.23-val",
            "@root.collection.collectionItems.75-val",
            "@root.collection.collectionItems.76-val",
            "@root.collection.collectionItems.77-val",
            "@root.collection.collectionItems.0-val"
          ]
        },
        "deckUsableItem": "@root.collection.collectionItems.27-val",
        "deckHero": "@root.collection.collectionItems.9-val",
        "deckName": "ali",
        "numberOfTabsOnToString": 0,
        "collectionItemsIDs": [
          "1",
          "2",
          "3",
          "4",
          "5",
          "6",
          "7",
          "8",
          "9",
          "10",
          "11",
          "12",
          "13",
          "14",
          "15",
          "16",
          "17",
          "41",
          "42",
          "43",
          "44",
          "53"
        ]
      }
    }
  },
  "mainDeck": "@root.collection.decks.1-val",
  "matchHistory": [
    {
      "win": false,
      "date": {
        "date": {
          "year": 2019,
          "month": 5,
          "day": 14
        },
        "time": {
          "hour": 16,
          "minute": 11,
          "second": 13,
          "nano": 255000000
        }
      },
      "result": "WIN"
    }
  ]
}